SNP1,CHROM1,POS1,SNP2,r2
I_13917228,I,13917228,I_13917228,1
I_13917228,I,13917228,II_543326,NA
I_13917228,I,13917228,V_14534671,NA
II_543326,II,543326,I_13917228,0.399786304638791
II_543326,II,543326,II_543326,1
II_543326,II,543326,V_14534671,NA
V_14534671,V,14534671,I_13917228,0.386531159365793
V_14534671,V,14534671,II_543326,0.511757433928183
V_14534671,V,14534671,V_14534671,1
